"Ár";"Vörutegund";"Alls Einingar";"Alls Tonn";"Alls CIF í milljónum króna"
"1999";"07  Kartöflur";0;491;17
"1999";"07  Grænmeti";0;6364;607
"1999";"08  Ávextir";0;12218;1224
"1999";"20  Ávextir niðursoðnir";0;1299;156
"1999";"09  Kaffi";0;2019;565
"1999";"10, 11  Kornvörur til manneldis";0;21814;493
"1999";"10, 11, 23  Fóðurvörur";0;53896;819
"1999";"17  Strásykur, molasykur";0;11134;262
"1999";"17, 18  Sælgæti";0;1996;674
"1999";"19  Kex, kökur, brauðvörur";0;3460;758
"1999";"24  Vindlingar";0;470;941
"1999";"24  Annað tóbak";0;61;178
"1999";"25  Salt (almennt)";0;88689;339
"1999";"28  Súrál";0;463691;6268
"1999";"27  Kol";0;60655;316
"1999";"27  Koks";0;27111;200
"1999";"27  Flugvélabensín";0;1246;28
"1999";"27  Annað bensín";0;147749;1894
"1999";"27  Þotueldsneyti";0;131340;1629
"1999";"27  Gasolía";0;402246;4236
"1999";"27  Brennsluolía";0;91042;632
"1999";"27  Smurolía, smurfeiti";0;6985;581
"1999";"40  Hjólbarðar nýir";0;2680;955
"1999";"40  Hjólbarðar notaðir";0;825;96
"1999";"44  Timbur";82333;50466;1518
"1999";"44  Krossviður";5344;3604;312
"1999";"44  Spóna­, byggingarplötur";0;15919;548
"1999";"48  Dagblaðapappír";0;8017;356
"1999";"48  Prent­ og skrifpappír";0;3277;261
"1999";"48  Kraftpappír, ­pappi";0;6104;235
"1999";"49  Bækur, blöð, tímarit";0;920;775
"1999";"33  Ilmvötn og snyrtivörur";0;1667;1528
"1999";"51  Ull";0;111;24
"1999";"57  Gólfteppi";0;618;224
"1999";"56  Fiskinet";0;935;688
"1999";"70  Rúðugler";0;3598;160
"1999";"72  Steypustyrktarjárn";0;16104;300
"1999";"72  Þakjárn";0;158;21
"1999";"73  Miðstöðvarofnar";0;849;120
"1999";"84  Kæli­ og frystitæki til heimilis";12356;625;282
"1999";"84  Þvottavélar";13738;759;317
"1999";"85  Sjónvarpstæki";26512;536;516
"1999";"85  Hljóðvarpstæki";67174;215;369
"1999";"87  Hjóladráttarvélar";327;1209;699
"1999";"87  Almenningsbílar";115;528;439
"1999";"87  Fólksbílar, þ.m.t. bílar með alhjóladrifi";17089;22336;13839
"1999";"87  Vöru- og sendibílar";1564;3969;2212
"1999";"87  Aðrir bílar";352;112;122
"1999";"87  Fjórhjól";13;4;5
"1999";"84, 87  Bílavarahlutir";0;1877;1840
"1999";"88  Flugvélar";6;70;3403
"1999";"89  Farskip, ferjur";2;113;44
"1999";"89  Fiskiskip";22;9186;4651
"1999";"89  Önnur skip";5;170;51
"2000";"07  Kartöflur";0;1032;29
"2000";"07  Grænmeti";0;6556;622
"2000";"08  Ávextir";0;12211;1172
"2000";"20  Ávextir niðursoðnir";0;1183;151
"2000";"09  Kaffi";0;2168;586
"2000";"10, 11  Kornvörur til manneldis";0;21284;523
"2000";"10, 11, 23  Fóðurvörur";0;59264;967
"2000";"17  Strásykur, molasykur";0;11464;262
"2000";"17, 18  Sælgæti";0;2031;651
"2000";"19  Kex, kökur, brauðvörur";0;3904;858
"2000";"24  Vindlingar";0;419;969
"2000";"24  Annað tóbak";0;52;118
"2000";"25  Salt (almennt)";0;104548;385
"2000";"28  Súrál";0;406011;7049
"2000";"27  Kol";0;100853;620
"2000";"27  Koks";0;46892;422
"2000";"27  Flugvélabensín";0;946;51
"2000";"27  Annað bensín";0;152476;3737
"2000";"27  Þotueldsneyti";0;146544;3423
"2000";"27  Gasolía";0;427912;8588
"2000";"27  Brennsluolía";0;64077;822
"2000";"27  Smurolía, smurfeiti";0;6691;584
"2000";"40  Hjólbarðar nýir";0;2975;958
"2000";"40  Hjólbarðar notaðir";0;914;91
"2000";"44  Timbur";88637;54419;1625
"2000";"44  Krossviður";6213;4143;334
"2000";"44  Spóna­, byggingarplötur";0;19021;589
"2000";"48  Dagblaðapappír";0;7974;345
"2000";"48  Prent­ og skrifpappír";0;2908;250
"2000";"48  Kraftpappír, ­pappi";0;3684;158
"2000";"49  Bækur, blöð, tímarit";0;834;807
"2000";"33  Ilmvötn og snyrtivörur";0;1659;1434
"2000";"51  Ull";0;83;19
"2000";"57  Gólfteppi";0;475;161
"2000";"56  Fiskinet";0;984;673
"2000";"70  Rúðugler";0;3713;166
"2000";"72  Steypustyrktarjárn";0;23821;470
"2000";"72  Þakjárn";0;77;7
"2000";"73  Miðstöðvarofnar";0;1047;153
"2000";"84  Kæli­ og frystitæki til heimilis";12597;647;276
"2000";"84  Þvottavélar";11432;659;270
"2000";"85  Sjónvarpstæki";32155;622;569
"2000";"85  Hljóðvarpstæki";75431;208;384
"2000";"87  Hjóladráttarvélar";292;1183;719
"2000";"87  Almenningsbílar";109;539;397
"2000";"87  Fólksbílar, þ.m.t. bílar með alhjóladrifi";14994;20358;12812
"2000";"87  Vöru- og sendibílar";1793;5086;2852
"2000";"87  Aðrir bílar";425;124;155
"2000";"87  Fjórhjól";44;11;15
"2000";"84, 87  Bílavarahlutir";0;1762;1790
"2000";"88  Flugvélar";9;71;3941
"2000";"89  Farskip, ferjur";2;371;47
"2000";"89  Fiskiskip";14;12116;5694
"2000";"89  Önnur skip";7;257;94
"2001";"07  Kartöflur";0;838;32
"2001";"07  Grænmeti";0;6828;809
"2001";"08  Ávextir";0;13216;1567
"2001";"20  Ávextir niðursoðnir";0;1137;174
"2001";"09  Kaffi";0;1971;583
"2001";"10, 11  Kornvörur til manneldis";0;22807;662
"2001";"10, 11, 23  Fóðurvörur";0;63274;1248
"2001";"17  Strásykur, molasykur";0;10635;351
"2001";"17, 18  Sælgæti";0;2016;765
"2001";"19  Kex, kökur, brauðvörur";0;4045;1028
"2001";"24  Vindlingar";0;404;1233
"2001";"24  Annað tóbak";0;42;132
"2001";"25  Salt (almennt)";0;95159;423
"2001";"28  Súrál";0;465372;9467
"2001";"27  Kol";0;97682;804
"2001";"27  Koks";0;41882;472
"2001";"27  Flugvélabensín";0;999;45
"2001";"27  Annað bensín";0;137916;3695
"2001";"27  Þotueldsneyti";0;116827;2879
"2001";"27  Gasolía";0;369193;8833
"2001";"27  Brennsluolía";0;77221;1345
"2001";"27  Smurolía, smurfeiti";0;5683;684
"2001";"40  Hjólbarðar nýir";0;2482;943
"2001";"40  Hjólbarðar notaðir";0;480;90
"2001";"44  Timbur";72777;44425;1669
"2001";"44  Krossviður";6009;3952;391
"2001";"44  Spóna­, byggingarplötur";0;16712;651
"2001";"48  Dagblaðapappír";0;7263;413
"2001";"48  Prent­ og skrifpappír";0;2935;295
"2001";"48  Kraftpappír, ­pappi";0;5641;276
"2001";"49  Bækur, blöð, tímarit";0;900;1010
"2001";"33  Ilmvötn og snyrtivörur";0;1327;1639
"2001";"51  Ull";0;105;26
"2001";"57  Gólfteppi";0;472;197
"2001";"56  Fiskinet";0;798;646
"2001";"70  Rúðugler";0;4183;239
"2001";"72  Steypustyrktarjárn";0;22399;492
"2001";"72  Þakjárn";0;11;1
"2001";"73  Miðstöðvarofnar";0;1175;207
"2001";"84  Kæli­ og frystitæki til heimilis";12040;615;318
"2001";"84  Þvottavélar";10733;598;290
"2001";"85  Sjónvarpstæki";18574;343;457
"2001";"85  Hljóðvarpstæki";50263;143;289
"2001";"87  Hjóladráttarvélar";146;593;431
"2001";"87  Almenningsbílar";47;325;309
"2001";"87  Fólksbílar, þ.m.t. bílar með alhjóladrifi";7716;10540;7865
"2001";"87  Vöru- og sendibílar";953;2587;1653
"2001";"87  Aðrir bílar";273;77;137
"2001";"87  Fjórhjól";40;11;18
"2001";"84, 87  Bílavarahlutir";0;1403;1712
"2001";"88  Flugvélar";5;95;6607
"2001";"89  Farskip, ferjur";2;199;76
"2001";"89  Fiskiskip";24;13861;6455
"2001";"89  Önnur skip";3;144;75
"2002";"07  Kartöflur";0;594;21
"2002";"07  Grænmeti";0;7354;957
"2002";"08  Ávextir";0;13581;1562
"2002";"20  Ávextir niðursoðnir";0;1432;214
"2002";"09  Kaffi";0;2131;558
"2002";"10, 11  Kornvörur til manneldis";0;24148;654
"2002";"10, 11, 23  Fóðurvörur";0;63248;1242
"2002";"17  Strásykur, molasykur";0;10998;320
"2002";"17, 18  Sælgæti";0;2028;761
"2002";"19  Kex, kökur, brauðvörur";0;4414;1079
"2002";"24  Vindlingar";0;473;1402
"2002";"24  Annað tóbak";0;67;174
"2002";"25  Salt (almennt)";0;87271;375
"2002";"28  Súrál";0;524230;9089
"2002";"27  Kol";0;98314;798
"2002";"27  Koks";0;47767;497
"2002";"27  Flugvélabensín";0;476;15
"2002";"27  Annað bensín";0;145014;3431
"2002";"27  Þotueldsneyti";0;105471;2326
"2002";"27  Gasolía";0;387163;7821
"2002";"27  Brennsluolía";0;93163;1477
"2002";"27  Smurolía, smurfeiti";0;5975;663
"2002";"40  Hjólbarðar nýir";0;2392;893
"2002";"40  Hjólbarðar notaðir";0;511;93
"2002";"44  Timbur";71071;43526;1637
"2002";"44  Krossviður";5629;3641;342
"2002";"44  Spóna­, byggingarplötur";0;13678;545
"2002";"48  Dagblaðapappír";0;7890;497
"2002";"48  Prent­ og skrifpappír";0;3244;295
"2002";"48  Kraftpappír, ­pappi";0;6299;298
"2002";"49  Bækur, blöð, tímarit";0;854;917
"2002";"33  Ilmvötn og snyrtivörur";0;1429;1598
"2002";"51  Ull";0;82;24
"2002";"57  Gólfteppi";0;772;174
"2002";"56  Fiskinet";0;943;698
"2002";"70  Rúðugler";0;3418;193
"2002";"72  Steypustyrktarjárn";0;13009;290
"2002";"72  Þakjárn";0;100;9
"2002";"73  Miðstöðvarofnar";0;841;157
"2002";"84  Kæli­ og frystitæki til heimilis";12726;641;334
"2002";"84  Þvottavélar";12245;677;331
"2002";"85  Sjónvarpstæki";20201;494;494
"2002";"85  Hljóðvarpstæki";46640;144;253
"2002";"87  Hjóladráttarvélar";90;381;271
"2002";"87  Almenningsbílar";58;321;325
"2002";"87  Fólksbílar, þ.m.t. bílar með alhjóladrifi";7431;10443;7875
"2002";"87  Vöru- og sendibílar";846;1853;1298
"2002";"87  Aðrir bílar";230;71;130
"2002";"87  Fjórhjól";43;11;16
"2002";"84, 87  Bílavarahlutir";0;1197;1647
"2002";"88  Flugvélar";5;96;7313
"2002";"89  Farskip, ferjur";1;5;14
"2002";"89  Fiskiskip";10;11196;4096
"2002";"89  Önnur skip";3;109;29
"2003";"07  Kartöflur";0;1703;63
"2003";"07  Grænmeti";0;7586;974
"2003";"08  Ávextir";0;14320;1602
"2003";"20  Ávextir niðursoðnir";0;1498;239
"2003";"09  Kaffi";0;2167;515
"2003";"10, 11  Kornvörur til manneldis";0;25960;626
"2003";"10, 11, 23  Fóðurvörur";0;71931;1358
"2003";"17  Strásykur, molasykur";0;10812;269
"2003";"17, 18  Sælgæti";0;2063;759
"2003";"19  Kex, kökur, brauðvörur";0;4696;1118
"2003";"24  Vindlingar";0;348;918
"2003";"24  Annað tóbak";0;55;150
"2003";"25  Salt (almennt)";0;96700;423
"2003";"28  Súrál";0;488354;7186
"2003";"27  Kol";0;85030;602
"2003";"27  Koks";0;52827;483
"2003";"27  Flugvélabensín";0;770;35
"2003";"27  Annað bensín";0;139401;3272
"2003";"27  Þotueldsneyti";0;109656;2393
"2003";"27  Gasolía";0;383955;7844
"2003";"27  Brennsluolía";0;58032;910
"2003";"27  Smurolía, smurfeiti";0;5499;612
"2003";"40  Hjólbarðar nýir";0;3146;1180
"2003";"40  Hjólbarðar notaðir";0;432;101
"2003";"44  Timbur";83364;49510;1853
"2003";"44  Krossviður";6242;4066;344
"2003";"44  Spóna­, byggingarplötur";0;15270;634
"2003";"48  Dagblaðapappír";0;10708;564
"2003";"48  Prent­ og skrifpappír";0;2405;225
"2003";"48  Kraftpappír, ­pappi";0;5835;259
"2003";"49  Bækur, blöð, tímarit";0;870;894
"2003";"33  Ilmvötn og snyrtivörur";0;1535;1666
"2003";"51  Ull";0;73;21
"2003";"57  Gólfteppi";0;697;188
"2003";"56  Fiskinet";0;553;371
"2003";"70  Rúðugler";0;3937;227
"2003";"72  Steypustyrktarjárn";0;21366;517
"2003";"72  Þakjárn";0;7;4
"2003";"73  Miðstöðvarofnar";0;987;186
"2003";"84  Kæli­ og frystitæki til heimilis";15695;801;409
"2003";"84  Þvottavélar";12851;706;338
"2003";"85  Sjónvarpstæki";27854;635;567
"2003";"85  Hljóðvarpstæki";83106;176;280
"2003";"87  Hjóladráttarvélar";104;435;302
"2003";"87  Almenningsbílar";88;602;898
"2003";"87  Fólksbílar, þ.m.t. bílar með alhjóladrifi";11002;15857;12272
"2003";"87  Vöru- og sendibílar";1516;4383;3131
"2003";"87  Aðrir bílar";251;72;130
"2003";"87  Fjórhjól";216;56;60
"2003";"84, 87  Bílavarahlutir";0;1385;1756
"2003";"88  Flugvélar";9;74;1149
"2003";"89  Farskip, ferjur";5;6563;2004
"2003";"89  Fiskiskip";4;465;637
"2003";"89  Önnur skip";3;109;29
"2004";"07  Kartöflur";0;1210;69
"2004";"07  Grænmeti";0;8857;1255
"2004";"08  Ávextir";0;16828;1994
"2004";"20  Ávextir niðursoðnir";0;1838;283
"2004";"09  Kaffi";0;2225;560
"2004";"10, 11  Kornvörur til manneldis";0;23719;648
"2004";"10, 11, 23  Fóðurvörur";0;66751;1479
"2004";"17  Strásykur, molasykur";0;10378;248
"2004";"17, 18  Sælgæti";0;2256;860
"2004";"19  Kex, kökur, brauðvörur";0;5043;1209
"2004";"24  Vindlingar";0;367;971
"2004";"24  Annað tóbak";0;76;174
"2004";"25  Salt (almennt)";0;84242;379
"2004";"28  Súrál";0;524310;8653
"2004";"27  Kol";0;104546;836
"2004";"27  Koks";0;52205;791
"2004";"27  Flugvélabensín";0;899;34
"2004";"27  Annað bensín";0;152088;4445
"2004";"27  Þotueldsneyti";0;124453;3503
"2004";"27  Gasolía";0;465633;11781
"2004";"27  Brennsluolía";0;55092;944
"2004";"27  Smurolía, smurfeiti";0;6423;724
"2004";"40  Hjólbarðar nýir";0;3862;1471
"2004";"40  Hjólbarðar notaðir";0;542;117
"2004";"44  Timbur";98114;56273;2173
"2004";"44  Krossviður";7472;4872;410
"2004";"44  Spóna­, byggingarplötur";0;15417;652
"2004";"48  Dagblaðapappír";0;12708;592
"2004";"48  Prent­ og skrifpappír";0;2521;273
"2004";"48  Kraftpappír, ­pappi";0;4824;192
"2004";"49  Bækur, blöð, tímarit";0;988;968
"2004";"33  Ilmvötn og snyrtivörur";0;1766;1843
"2004";"51  Ull";0;71;20
"2004";"57  Gólfteppi";0;602;217
"2004";"56  Fiskinet";0;557;319
"2004";"70  Rúðugler";0;4030;249
"2004";"72  Steypustyrktarjárn";0;28427;1020
"2004";"72  Þakjárn";0;55;6
"2004";"73  Miðstöðvarofnar";0;994;220
"2004";"84  Kæli­ og frystitæki til heimilis";17049;857;431
"2004";"84  Þvottavélar";15937;882;415
"2004";"85  Sjónvarpstæki";35448;865;712
"2004";"85  Hljóðvarpstæki";83588;188;269
"2004";"87  Hjóladráttarvélar";172;727;527
"2004";"87  Almenningsbílar";112;630;632
"2004";"87  Fólksbílar, þ.m.t. bílar með alhjóladrifi";14149;20802;16451
"2004";"87  Vöru- og sendibílar";2478;6261;4515
"2004";"87  Aðrir bílar";489;608;1331
"2004";"87  Fjórhjól";223;71;76
"2004";"84, 87  Bílavarahlutir";0;1553;2080
"2004";"88  Flugvélar";14;234;5185
"2004";"89  Farskip, ferjur";0;0;0
"2004";"89  Fiskiskip";7;16663;3259
"2004";"89  Önnur skip";3;64;24
"2005";"07  Kartöflur";0;1365;65
"2005";"07  Grænmeti";0;9397;1275
"2005";"08  Ávextir";0;18596;2043
"2005";"20  Ávextir niðursoðnir";0;1750;250
"2005";"09  Kaffi";0;2432;659
"2005";"10, 11  Kornvörur til manneldis";0;24458;617
"2005";"10, 11, 23  Fóðurvörur";0;74509;1322
"2005";"17  Strásykur, molasykur";0;10241;239
"2005";"17, 18  Sælgæti";0;2467;870
"2005";"19  Kex, kökur, brauðvörur";0;5373;1166
"2005";"24  Vindlingar";0;349;851
"2005";"24  Annað tóbak";0;36;147
"2005";"25  Salt (almennt)";0;104567;435
"2005";"28  Súrál";0;434801;6936
"2005";"27  Kol";0;116957;1197
"2005";"27  Koks";0;33362;467
"2005";"27  Flugvélabensín";0;855;52
"2005";"27  Annað bensín";0;163312;5688
"2005";"27  Þotueldsneyti";0;139357;5072
"2005";"27  Gasolía";0;418195;14015
"2005";"27  Brennsluolía";0;62897;1183
"2005";"27  Smurolía, smurfeiti";0;6086;690
"2005";"40  Hjólbarðar nýir";0;5162;1797
"2005";"40  Hjólbarðar notaðir";0;636;124
"2005";"44  Timbur";114746;64349;2346
"2005";"44  Krossviður";9022;6250;532
"2005";"44  Spóna­, byggingarplötur";0;17631;684
"2005";"48  Dagblaðapappír";0;15477;700
"2005";"48  Prent­ og skrifpappír";0;3232;276
"2005";"48  Kraftpappír, ­pappi";0;3565;135
"2005";"49  Bækur, blöð, tímarit";0;1147;963
"2005";"33  Ilmvötn og snyrtivörur";0;1949;1983
"2005";"51  Ull";0;74;19
"2005";"57  Gólfteppi";0;668;229
"2005";"56  Fiskinet";0;637;332
"2005";"70  Rúðugler";0;4085;238
"2005";"72  Steypustyrktarjárn";0;47444;1605
"2005";"72  Þakjárn";0;23;5
"2005";"73  Miðstöðvarofnar";0;1116;225
"2005";"84  Kæli­ og frystitæki til heimilis";28071;1253;590
"2005";"84  Þvottavélar";18610;1066;472
"2005";"85  Sjónvarpstæki";31753;746;926
"2005";"85  Hljóðvarpstæki";78102;187;279
"2005";"87  Hjóladráttarvélar";355;1676;1120
"2005";"87  Almenningsbílar";184;1250;1149
"2005";"87  Fólksbílar, þ.m.t. bílar með alhjóladrifi";22456;34375;27186
"2005";"87  Vöru- og sendibílar";3563;9480;6588
"2005";"87  Aðrir bílar";473;216;249
"2005";"87  Fjórhjól";408;134;116
"2005";"84, 87  Bílavarahlutir";0;1976;2348
"2005";"88  Flugvélar";36;953;9705
"2005";"89  Farskip, ferjur";3;2248;92
"2005";"89  Fiskiskip";9;7346;2388
"2005";"89  Önnur skip";4;130;93
"2006";"07  Kartöflur";0;1848;116
"2006";"07  Grænmeti";0;10583;1598
"2006";"08  Ávextir";0;20448;2573
"2006";"20  Ávextir niðursoðnir";0;1527;259
"2006";"09  Kaffi";0;2225;724
"2006";"10, 11  Kornvörur til manneldis";0;24523;691
"2006";"10, 11, 23  Fóðurvörur";0;74749;1601
"2006";"17  Strásykur, molasykur";0;9257;334
"2006";"17, 18  Sælgæti";0;2446;1026
"2006";"19  Kex, kökur, brauðvörur";0;5457;1389
"2006";"24  Vindlingar";0;349;1026
"2006";"24  Annað tóbak";0;33;125
"2006";"25  Salt (almennt)";0;95638;422
"2006";"28  Súrál";0;663691;15882
"2006";"27  Kol";0;91551;1004
"2006";"27  Koks";0;26027;379
"2006";"27  Flugvélabensín";0;705;44
"2006";"27  Annað bensín";0;165305;7530
"2006";"27  Þotueldsneyti";0;166525;7703
"2006";"27  Gasolía";0;385994;16451
"2006";"27  Brennsluolía";0;71658;1959
"2006";"27  Smurolía, smurfeiti";0;6120;956
"2006";"40  Hjólbarðar nýir";0;4681;1882
"2006";"40  Hjólbarðar notaðir";0;566;127
"2006";"44  Timbur";97348;58696;2650
"2006";"44  Krossviður";10642;6978;662
"2006";"44  Spóna­, byggingarplötur";0;15955;748
"2006";"48  Dagblaðapappír";0;18097;939
"2006";"48  Prent­ og skrifpappír";0;3495;317
"2006";"48  Kraftpappír, ­pappi";0;3973;180
"2006";"49  Bækur, blöð, tímarit";0;1706;1276
"2006";"33  Ilmvötn og snyrtivörur";0;2018;2357
"2006";"51  Ull";0;115;33
"2006";"57  Gólfteppi";0;797;327
"2006";"56  Fiskinet";0;459;275
"2006";"70  Rúðugler";0;4347;324
"2006";"72  Steypustyrktarjárn";0;52602;2211
"2006";"72  Þakjárn";0;24;59
"2006";"73  Miðstöðvarofnar";0;1016;230
"2006";"84  Kæli­ og frystitæki til heimilis";22611;1159;606
"2006";"84  Þvottavélar";18903;1161;524
"2006";"85  Sjónvarpstæki";33865;757;1579
"2006";"85  Hljóðvarpstæki";60676;168;306
"2006";"87  Hjóladráttarvélar";362;1694;1320
"2006";"87  Almenningsbílar";106;716;787
"2006";"87  Fólksbílar, þ.m.t. bílar með alhjóladrifi";19918;30208;26821
"2006";"87  Vöru- og sendibílar";3433;9481;7216
"2006";"87  Aðrir bílar";421;135;240
"2006";"87  Fjórhjól";789;189;213
"2006";"84, 87  Bílavarahlutir";0;1915;2733
"2006";"88  Flugvélar";40;2025;43824
"2006";"89  Farskip, ferjur";3;912;215
"2006";"89  Fiskiskip";4;5893;2642
"2006";"89  Önnur skip";2;74;263
"2007";"07  Kartöflur";0;1796;104
"2007";"07  Grænmeti";0;11322;1753
"2007";"08  Ávextir";0;22099;2714
"2007";"20  Ávextir niðursoðnir";0;1713;261
"2007";"09  Kaffi";0;2367;813
"2007";"10, 11  Kornvörur til manneldis";0;28125;952
"2007";"10, 11, 23  Fóðurvörur";0;87638;2238
"2007";"17  Strásykur, molasykur";0;10038;346
"2007";"17, 18  Sælgæti";0;2515;1034
"2007";"19  Kex, kökur, brauðvörur";0;6363;1639
"2007";"24  Vindlingar";0;379;1114
"2007";"24  Annað tóbak";0;39;144
"2007";"25  Salt (almennt)";0;99867;527
"2007";"28  Súrál";0;814258;20555
"2007";"27  Kol";0;139568;1385
"2007";"27  Koks";0;33091;558
"2007";"27  Flugvélabensín";0;883;68
"2007";"27  Annað bensín";0;156561;7188
"2007";"27  Þotueldsneyti";0;169373;7642
"2007";"27  Gasolía";0;394253;16237
"2007";"27  Brennsluolía";0;100668;2666
"2007";"27  Smurolía, smurfeiti";0;5741;965
"2007";"40  Hjólbarðar nýir";0;4632;1992
"2007";"40  Hjólbarðar notaðir";0;521;102
"2007";"44  Timbur";107953;65328;3481
"2007";"44  Krossviður";230735;7015;689
"2007";"44  Spóna­, byggingarplötur";0;20246;990
"2007";"48  Dagblaðapappír";0;14006;669
"2007";"48  Prent­ og skrifpappír";0;3526;310
"2007";"48  Kraftpappír, ­pappi";0;4285;208
"2007";"49  Bækur, blöð, tímarit";0;1839;1322
"2007";"33  Ilmvötn og snyrtivörur";0;2167;2414
"2007";"51  Ull";0;48;13
"2007";"57  Gólfteppi";0;926;329
"2007";"56  Fiskinet";0;417;222
"2007";"70  Rúðugler";0;4747;383
"2007";"72  Steypustyrktarjárn";0;52178;2530
"2007";"72  Þakjárn";0;36;5
"2007";"73  Miðstöðvarofnar";0;1011;255
"2007";"84  Kæli­ og frystitæki til heimilis";24733;1215;685
"2007";"84  Þvottavélar";22839;1349;651
"2007";"85  Sjónvarpstæki";33917;768;1829
"2007";"85  Hljóðvarpstæki";37835;90;168
"2007";"87  Hjóladráttarvélar";389;1903;1594
"2007";"87  Almenningsbílar";87;544;625
"2007";"87  Fólksbílar, þ.m.t. bílar með alhjóladrifi";18876;29308;28678
"2007";"87  Vöru- og sendibílar";3688;9563;8003
"2007";"87  Aðrir bílar";515;174;334
"2007";"87  Fjórhjól";3;413;551
"2007";"84, 87  Bílavarahlutir";0;2250;3045
"2007";"88  Flugvélar";30;1547;25235
"2007";"89  Farskip, ferjur";1;12;2
"2007";"89  Fiskiskip";7;5995;3284
"2007";"89  Önnur skip";3;33;18
"2008";"07  Kartöflur";0;2460;183
"2008";"07  Grænmeti";0;10429;2064
"2008";"08  Ávextir";0;20529;3588
"2008";"20  Ávextir niðursoðnir";0;1710;382
"2008";"09  Kaffi";0;2200;1151
"2008";"10, 11  Kornvörur til manneldis";0;27311;1658
"2008";"10, 11, 23  Fóðurvörur";0;77686;3169
"2008";"17  Strásykur, molasykur";0;10013;540
"2008";"17, 18  Sælgæti";0;2326;1352
"2008";"19  Kex, kökur, brauðvörur";0;5789;2115
"2008";"24  Vindlingar";0;382;1618
"2008";"24  Annað tóbak";0;37;190
"2008";"25  Salt (almennt)";0;112932;878
"2008";"28  Súrál";0;1620531;58351
"2008";"27  Kol";0;98185;1727
"2008";"27  Koks";0;27208;990
"2008";"27  Flugvélabensín";0;432;46
"2008";"27  Annað bensín";0;151949;11460
"2008";"27  Þotueldsneyti";0;146569;12001
"2008";"27  Gasolía";0;356245;28296
"2008";"27  Brennsluolía";0;94174;4360
"2008";"27  Smurolía, smurfeiti";0;5098;1352
"2008";"40  Hjólbarðar nýir";0;3750;2175
"2008";"40  Hjólbarðar notaðir";0;304;87
"2008";"44  Timbur";74312;43205;3043
"2008";"44  Krossviður";57558;5526;739
"2008";"44  Spóna­, byggingarplötur";0;16800;1121
"2008";"48  Dagblaðapappír";0;8109;478
"2008";"48  Prent­ og skrifpappír";0;2387;302
"2008";"48  Kraftpappír, ­pappi";0;4492;298
"2008";"49  Bækur, blöð, tímarit";0;1721;1559
"2008";"33  Ilmvötn og snyrtivörur";0;1784;2700
"2008";"51  Ull";0;54;24
"2008";"57  Gólfteppi";0;557;304
"2008";"56  Fiskinet";0;407;375
"2008";"70  Rúðugler";0;3827;394
"2008";"72  Steypustyrktarjárn";0;33222;2598
"2008";"72  Þakjárn";0;392;75
"2008";"73  Miðstöðvarofnar";0;561;184
"2008";"84  Kæli­ og frystitæki til heimilis";16248;834;611
"2008";"84  Þvottavélar";14180;796;542
"2008";"85  Sjónvarpstæki";20192;469;1361
"2008";"85  Hljóðvarpstæki";28228;58;143
"2008";"87  Hjóladráttarvélar";135;665;769
"2008";"87  Almenningsbílar";86;577;758
"2008";"87  Fólksbílar, þ.m.t. bílar með alhjóladrifi";10703;16803;20681
"2008";"87  Vöru- og sendibílar";1579;4082;4443
"2008";"87  Aðrir bílar";177;58;116
"2008";"87  Fjórhjól";2;237;339
"2008";"84, 87  Bílavarahlutir";0;1604;3222
"2008";"88  Flugvélar";19;2349;14927
"2008";"89  Farskip, ferjur";1;28;23
"2008";"89  Fiskiskip";3;2895;1235
"2008";"89  Önnur skip";5;186;482
"2009";"07  Kartöflur";0;2279;166
"2009";"07  Grænmeti";0;10132;2092
"2009";"08  Ávextir";0;20044;4260
"2009";"20  Ávextir niðursoðnir";0;1491;471
"2009";"09  Kaffi";0;2442;1506
"2009";"10, 11  Kornvörur til manneldis";0;27655;1809
"2009";"10, 11, 23  Fóðurvörur";0;76211;3576
"2009";"17  Strásykur, molasykur";0;10105;836
"2009";"17, 18  Sælgæti";0;2234;1671
"2009";"19  Kex, kökur, brauðvörur";0;5020;2304
"2009";"24  Vindlingar";0;354;1964
"2009";"24  Annað tóbak";0;31;242
"2009";"25  Salt (almennt)";0;97923;1105
"2009";"28  Súrál";0;1557309;52621
"2009";"27  Kol";0;113997;2929
"2009";"27  Koks";0;20898;1298
"2009";"27  Flugvélabensín";0;717;95
"2009";"27  Annað bensín";0;156525;11413
"2009";"27  Þotueldsneyti";0;116588;8135
"2009";"27  Gasolía";0;358553;23477
"2009";"27  Brennsluolía";0;96485;4780
"2009";"27  Smurolía, smurfeiti";0;4554;1579
"2009";"40  Hjólbarðar nýir";0;1946;1486
"2009";"40  Hjólbarðar notaðir";0;226;83
"2009";"44  Timbur";111565;26508;2164
"2009";"44  Krossviður";2571;2835;530
"2009";"44  Spóna­, byggingarplötur";0;8823;870
"2009";"48  Dagblaðapappír";0;7422;672
"2009";"48  Prent­ og skrifpappír";0;2310;396
"2009";"48  Kraftpappír, ­pappi";0;4666;365
"2009";"49  Bækur, blöð, tímarit";0;1006;1595
"2009";"33  Ilmvötn og snyrtivörur";0;1809;3260
"2009";"51  Ull";0;88;43
"2009";"57  Gólfteppi";0;298;231
"2009";"56  Fiskinet";0;406;469
"2009";"70  Rúðugler";0;2704;338
"2009";"72  Steypustyrktarjárn";0;10226;790
"2009";"72  Þakjárn";0;78;25
"2009";"73  Miðstöðvarofnar";0;366;201
"2009";"84  Kæli­ og frystitæki til heimilis";11862;518;463
"2009";"84  Þvottavélar";10170;598;491
"2009";"85  Sjónvarpstæki";14486;275;1061
"2009";"85  Hljóðvarpstæki";26939;40;122
"2009";"87  Hjóladráttarvélar";24;112;176
"2009";"87  Almenningsbílar";14;115;136
"2009";"87  Fólksbílar, þ.m.t. bílar með alhjóladrifi";2549;4220;8472
"2009";"87  Vöru- og sendibílar";432;920;1466
"2009";"87  Aðrir bílar";54;14;55
"2009";"87  Fjórhjól";0;59;129
"2009";"84, 87  Bílavarahlutir";0;1160;3272
"2009";"88  Flugvélar";14;14871;12916
"2009";"89  Farskip, ferjur";0;0;0
"2009";"89  Fiskiskip";4;2501;3685
"2009";"89  Önnur skip";3;322;144
"2010";"07  Kartöflur";0;2789;207
"2010";"07  Grænmeti";0;10266;2412
"2010";"08  Ávextir";0;20717;4254
"2010";"20  Ávextir niðursoðnir";0;1352;412
"2010";"09  Kaffi";0;2290;1575
"2010";"10, 11  Kornvörur til manneldis";0;26550;1698
"2010";"10, 11, 23  Fóðurvörur";0;79914;3812
"2010";"17  Strásykur, molasykur";0;10201;791
"2010";"17, 18  Sælgæti";0;2202;1560
"2010";"19  Kex, kökur, brauðvörur";0;5208;2295
"2010";"24  Vindlingar";0;323;1698
"2010";"24  Annað tóbak";0;40;229
"2010";"25  Salt (almennt)";0;65076;807
"2010";"28  Súrál";0;1612188;62852
"2010";"27  Kol";0;104740;2643
"2010";"27  Koks";0;25006;1260
"2010";"27  Flugvélabensín";0;541;124
"2010";"27  Annað bensín";0;143989;13497
"2010";"27  Þotueldsneyti";0;120357;10752
"2010";"27  Gasolía";0;292214;24340
"2010";"27  Brennsluolía";0;93051;5993
"2010";"27  Smurolía, smurfeiti";0;4097;1376
"2010";"40  Hjólbarðar nýir";0;3148;2273
"2010";"40  Hjólbarðar notaðir";0;274;98
"2010";"44  Timbur";78327;33391;2866
"2010";"44  Krossviður";16397;2735;427
"2010";"44  Spóna­, byggingarplötur";0;13843;1189
"2010";"48  Dagblaðapappír";0;6845;544
"2010";"48  Prent­ og skrifpappír";0;2800;433
"2010";"48  Kraftpappír, ­pappi";0;5022;449
"2010";"49  Bækur, blöð, tímarit";0;1069;1542
"2010";"33  Ilmvötn og snyrtivörur";0;1724;3087
"2010";"51  Ull";0;136;71
"2010";"57  Gólfteppi";0;465;272
"2010";"56  Fiskinet";0;329;360
"2010";"70  Rúðugler";0;2366;284
"2010";"72  Steypustyrktarjárn";0;7822;587
"2010";"72  Þakjárn";0;94;27
"2010";"73  Miðstöðvarofnar";0;377;208
"2010";"84  Kæli­ og frystitæki til heimilis";13275;625;494
"2010";"84  Þvottavélar";11337;632;512
"2010";"85  Sjónvarpstæki";21323;357;1290
"2010";"85  Hljóðvarpstæki";24307;45;135
"2010";"87  Hjóladráttarvélar";19;91;128
"2010";"87  Almenningsbílar";59;536;777
"2010";"87  Fólksbílar, þ.m.t. bílar með alhjóladrifi";3596;5086;8130
"2010";"87  Vöru- og sendibílar";297;750;1006
"2010";"87  Aðrir bílar";152;53;189
"2010";"87  Fjórhjól";0;48;124
"2010";"84, 87  Bílavarahlutir";0;1249;3239
"2010";"88  Flugvélar";6;1096;3916
"2010";"89  Farskip, ferjur";4;64;63
"2010";"89  Fiskiskip";4;1748;2760
"2010";"89  Önnur skip";4;6;10
"2011";"07  Kartöflur";0;2014;182
"2011";"07  Grænmeti";0;10493;2299
"2011";"08  Ávextir";0;21407;4787
"2011";"20  Ávextir niðursoðnir";0;1363;444
"2011";"09  Kaffi";0;2147;1948
"2011";"10, 11  Kornvörur til manneldis";0;22795;1864
"2011";"10, 11, 23  Fóðurvörur";0;84465;4904
"2011";"17  Strásykur, molasykur";0;10036;1057
"2011";"17, 18  Sælgæti";0;2260;1764
"2011";"19  Kex, kökur, brauðvörur";0;5232;2451
"2011";"24  Vindlingar";0;302;1631
"2011";"24  Annað tóbak";3907;43;220
"2011";"25  Salt (almennt)";0;93883;1110
"2011";"28  Súrál";0;1539080;66757
"2011";"27  Kol";0;110523;2844
"2011";"27  Koks";0;23086;1109
"2011";"27  Flugvélabensín";0;449;126
"2011";"27  Annað bensín";0;144550;16896
"2011";"27  Þotueldsneyti";0;141791;16667
"2011";"27  Gasolía";0;300237;32363
"2011";"27  Brennsluolía";0;88710;7263
"2011";"27  Smurolía, smurfeiti";0;4225;1582
"2011";"40  Hjólbarðar nýir";0;3690;3023
"2011";"40  Hjólbarðar notaðir";0;385;161
"2011";"44  Timbur";50676;31418;2693
"2011";"44  Krossviður";4826;2837;467
"2011";"44  Spóna­, byggingarplötur";0;8177;822
"2011";"48  Dagblaðapappír";0;9125;811
"2011";"48  Prent­ og skrifpappír";0;2380;405
"2011";"48  Kraftpappír, ­pappi";0;6137;632
"2011";"49  Bækur, blöð, tímarit";0;1130;1521
"2011";"33  Ilmvötn og snyrtivörur";0;1864;3264
"2011";"51  Ull";0;75;54
"2011";"57  Gólfteppi";0;392;300
"2011";"56  Fiskinet";0;367;406
"2011";"70  Rúðugler";0;2710;352
"2011";"72  Steypustyrktarjárn";0;9043;935
"2011";"72  Þakjárn";0;21;27
"2011";"73  Miðstöðvarofnar";0;385;194
"2011";"84  Kæli­ og frystitæki til heimilis";12720;603;507
"2011";"84  Þvottavélar";11940;682;549
"2011";"85  Sjónvarpstæki";24278;383;1489
"2011";"85  Hljóðvarpstæki";20646;33;114
"2011";"87  Hjóladráttarvélar";59;257;351
"2011";"87  Almenningsbílar";71;415;698
"2011";"87  Fólksbílar, þ.m.t. bílar með alhjóladrifi";5597;8126;13818
"2011";"87  Vöru- og sendibílar";395;1021;1376
"2011";"87  Aðrir bílar";160;54;218
"2011";"87  Fjórhjól";3;35;87
"2011";"84, 87  Bílavarahlutir";0;1367;3562
"2011";"88  Flugvélar";11;522;8066
"2011";"89  Farskip, ferjur";6;107;53
"2011";"89  Fiskiskip";4;3935;5508
"2011";"89  Önnur skip";6;3943;4755
"2012";"07  Kartöflur";0;3306;275
"2012";"07  Grænmeti";0;11365;2605
"2012";"08  Ávextir";0;22858;5445
"2012";"20  Ávextir niðursoðnir";0;1285;452
"2012";"09  Kaffi";0;2263;2076
"2012";"10, 11  Kornvörur til manneldis";0;23415;1917
"2012";"10, 11, 23  Fóðurvörur";0;80511;5243
"2012";"17  Strásykur, molasykur";0;10271;945
"2012";"17, 18  Sælgæti";0;2454;1978
"2012";"19  Kex, kökur, brauðvörur";0;5709;2792
"2012";"24  Vindlingar";0;313;1722
"2012";"24  Annað tóbak";0;42;213
"2012";"25  Salt (almennt)";0;99783;1279
"2012";"28  Súrál";0;1590441;63604
"2012";"27  Kol";0;103993;3090
"2012";"27  Koks";0;43049;1645
"2012";"27  Flugvélabensín";0;469;138
"2012";"27  Annað bensín";0;137974;18347
"2012";"27  Þotueldsneyti";0;148554;18859
"2012";"27  Gasolía";0;278423;33719
"2012";"27  Brennsluolía";0;105921;10070
"2012";"27  Smurolía, smurfeiti";1;3725;1592
"2012";"40  Hjólbarðar nýir";0;3821;3225
"2012";"40  Hjólbarðar notaðir";0;269;117
"2012";"44  Timbur";48237;29473;2690
"2012";"44  Krossviður";11614;3001;513
"2012";"44  Spóna­, byggingarplötur";0;8863;988
"2012";"48  Dagblaðapappír";0;8891;875
"2012";"48  Prent­ og skrifpappír";0;2219;394
"2012";"48  Kraftpappír, ­pappi";0;4932;489
"2012";"49  Bækur, blöð, tímarit";0;1191;1591
"2012";"33  Ilmvötn og snyrtivörur";0;1809;3283
"2012";"51  Ull";0;100;89
"2012";"57  Gólfteppi";0;462;348
"2012";"56  Fiskinet";0;325;462
"2012";"70  Rúðugler";0;2476;335
"2012";"72  Steypustyrktarjárn";0;10760;1063
"2012";"72  Þakjárn";0;26;24
"2012";"73  Miðstöðvarofnar";0;416;159
"2012";"84  Kæli­ og frystitæki til heimilis";12357;611;525
"2012";"84  Þvottavélar";12198;690;580
"2012";"85  Sjónvarpstæki";22042;331;1489
"2012";"85  Hljóðvarpstæki";16234;23;106
"2012";"87  Hjóladráttarvélar";132;585;959
"2012";"87  Almenningsbílar";104;614;1363
"2012";"87  Fólksbílar, þ.m.t. bílar með alhjóladrifi";8680;12342;21780
"2012";"87  Vöru- og sendibílar";455;1279;1776
"2012";"87  Aðrir bílar";202;92;367
"2012";"87  Fjórhjól";1;32;98
"2012";"84, 87  Bílavarahlutir";0;1632;3892
"2012";"88  Flugvélar";19;1334;18487
"2012";"89  Farskip, ferjur";3;379;98
"2012";"89  Fiskiskip";5;6740;9896
"2012";"89  Önnur skip";3;7;17
"2013";"07  Kartöflur";0;2325;263
"2013";"07  Grænmeti";0;12084;2801
"2013";"08  Ávextir";0;23427;5914
"2013";"20  Ávextir niðursoðnir";0;1302;518
"2013";"09  Kaffi";0;2354;1913
"2013";"10, 11  Kornvörur til manneldis";0;22823;1921
"2013";"10, 11, 23  Fóðurvörur";0;82087;5673
"2013";"17  Strásykur, molasykur";0;10482;887
"2013";"17, 18  Sælgæti";0;2367;1984
"2013";"19  Kex, kökur, brauðvörur";0;5627;2824
"2013";"24  Vindlingar";0;414;1552
"2013";"24  Annað tóbak";0;53;241
"2013";"25  Salt (almennt)";0;83980;1120
"2013";"28  Súrál";0;1646175;61337
"2013";"27  Kol";0;125111;3344
"2013";"27  Koks";0;27015;1219
"2013";"27  Flugvélabensín";0;497;127
"2013";"27  Annað bensín";0;132817;16723
"2013";"27  Þotueldsneyti";0;355052;43222
"2013";"27  Gasolía";0;273090;31529
"2013";"27  Brennsluolía";0;176033;15826
"2013";"27  Smurolía, smurfeiti";0;3960;1683
"2013";"40  Hjólbarðar nýir";0;3383;2879
"2013";"40  Hjólbarðar notaðir";0;305;154
"2013";"44  Timbur";58271;32168;2853
"2013";"44  Krossviður";4180;2729;514
"2013";"44  Spóna­, byggingarplötur";0;9717;1075
"2013";"48  Dagblaðapappír";0;8246;751
"2013";"48  Prent­ og skrifpappír";0;2044;369
"2013";"48  Kraftpappír, ­pappi";0;4456;470
"2013";"49  Bækur, blöð, tímarit";0;1053;1424
"2013";"33  Ilmvötn og snyrtivörur";0;1904;3449
"2013";"51  Ull";0;107;87
"2013";"57  Gólfteppi";0;478;359
"2013";"56  Fiskinet";0;359;374
"2013";"70  Rúðugler";0;2563;308
"2013";"72  Steypustyrktarjárn";0;11593;1022
"2013";"72  Þakjárn";0;18;21
"2013";"73  Miðstöðvarofnar";0;541;234
"2013";"84  Kæli­ og frystitæki til heimilis";15150;724;640
"2013";"84  Þvottavélar";14194;808;682
"2013";"85  Sjónvarpstæki";21224;332;1507
"2013";"85  Hljóðvarpstæki";19823;22;115
"2013";"87  Hjóladráttarvélar";148;707;1163
"2013";"87  Almenningsbílar";93;740;1620
"2013";"87  Fólksbílar, þ.m.t. bílar með alhjóladrifi";7897;11026;18432
"2013";"87  Vöru- og sendibílar";710;1867;2486
"2013";"87  Aðrir bílar";232;184;566
"2013";"87  Fjórhjól";57;15;42
"2013";"84, 87  Bílavarahlutir";0;1553;3774
"2013";"88  Flugvélar";11;481;4803
"2013";"89  Farskip, ferjur";4;827;106
"2013";"89  Fiskiskip";6;3265;3261
"2013";"89  Önnur skip";2;12;1
"2014";"07  Kartöflur";0;4153;339
"2014";"07  Grænmeti";0;12632;2639
"2014";"08  Ávextir";0;23990;5961
"2014";"20  Ávextir niðursoðnir";0;1345;523
"2014";"09  Kaffi";0;2345;1875
"2014";"10, 11  Kornvörur til manneldis";0;24457;1823
"2014";"10, 11, 23  Fóðurvörur";0;88202;5727
"2014";"17  Strásykur, molasykur";0;8581;622
"2014";"17, 18  Sælgæti";0;2377;1951
"2014";"19  Kex, kökur, brauðvörur";0;5673;2809
"2014";"24  Vindlingar";0;262;1629
"2014";"24  Annað tóbak";0;48;206
"2014";"25  Salt (almennt)";0;88465;1122
"2014";"28  Súrál";0;1583285;57752
"2014";"27  Kol";0;100098;2430
"2014";"27  Koks";0;18036;719
"2014";"27  Flugvélabensín";0;731;174
"2014";"27  Annað bensín";0;133081;15175
"2014";"27  Þotueldsneyti";0;410289;42536
"2014";"27  Gasolía";0;287973;29802
"2014";"27  Brennsluolía";0;151332;12635
"2014";"27  Smurolía, smurfeiti";0;3926;1546
"2014";"40  Hjólbarðar nýir";0;4196;3190
"2014";"40  Hjólbarðar notaðir";0;418;207
"2014";"44  Timbur";106647;33352;2845
"2014";"44  Krossviður";3262;3097;584
"2014";"44  Spóna­, byggingarplötur";0;10863;1244
"2014";"48  Dagblaðapappír";0;9213;802
"2014";"48  Prent­ og skrifpappír";0;1961;332
"2014";"48  Kraftpappír, ­pappi";0;5925;580
"2014";"49  Bækur, blöð, tímarit";0;907;1361
"2014";"33  Ilmvötn og snyrtivörur";0;1881;3652
"2014";"51  Ull";0;147;114
"2014";"57  Gólfteppi";0;546;395
"2014";"56  Fiskinet";0;361;400
"2014";"70  Rúðugler";0;2291;261
"2014";"72  Steypustyrktarjárn";0;16588;1261
"2014";"72  Þakjárn";0;56;35
"2014";"73  Miðstöðvarofnar";0;621;216
"2014";"84  Kæli­ og frystitæki til heimilis";12822;645;561
"2014";"84  Þvottavélar";13555;736;626
"2014";"85  Sjónvarpstæki";21635;312;1295
"2014";"85  Hljóðvarpstæki";15083;26;105
"2014";"87  Hjóladráttarvélar";138;704;1125
"2014";"87  Almenningsbílar";128;845;1913
"2014";"87  Fólksbílar, þ.m.t. bílar með alhjóladrifi";10508;14782;24068
"2014";"87  Vöru- og sendibílar";1186;3136;4244
"2014";"87  Aðrir bílar";445;434;1101
"2014";"87  Fjórhjól";105;41;99
"2014";"84, 87  Bílavarahlutir";0;1745;4070
"2014";"88  Flugvélar";290;452;5427
"2014";"89  Farskip, ferjur";2;159;194
"2014";"89  Fiskiskip";5;10001;8454
"2014";"89  Önnur skip";5;3700;6567
"2015";"07  Kartöflur";0;2593;192
"2015";"07  Grænmeti";0;10893;2413
"2015";"08  Ávextir";0;20442;5365
"2015";"20  Ávextir niðursoðnir";0;1118;458
"2015";"09  Kaffi";0;1949;1753
"2015";"10, 11  Kornvörur til manneldis";0;19297;1467
"2015";"10, 11, 23  Fóðurvörur";0;88168;5828
"2015";"17  Strásykur, molasykur";0;8027;551
"2015";"17, 18  Sælgæti";0;2406;1907
"2015";"19  Kex, kökur, brauðvörur";0;5480;2624
"2015";"24  Vindlingar";0;212;1419
"2015";"24  Annað tóbak";0;36;159
"2015";"25  Salt (almennt)";0;89162;1025
"2015";"28  Súrál";0;1420819;60686
"2015";"27  Kol";0;97085;2639
"2015";"27  Koks";0;22477;903
"2015";"27  Flugvélabensín";0;303;71
"2015";"27  Annað bensín";0;116145;9848
"2015";"27  Þotueldsneyti";0;394037;31923
"2015";"27  Gasolía";0;290669;20147
"2015";"27  Brennsluolía";0;154617;8395
"2015";"27  Smurolía, smurfeiti";0;3672;1353
"2015";"40  Hjólbarðar nýir";0;4625;3257
"2015";"40  Hjólbarðar notaðir";0;381;178
"2015";"44  Timbur";72448;27909;2332
"2015";"44  Krossviður";4252;3639;703
"2015";"44  Spóna­, byggingarplötur";0;9698;1149
"2015";"48  Dagblaðapappír";0;6483;549
"2015";"48  Prent­ og skrifpappír";0;1526;249
"2015";"48  Kraftpappír, ­pappi";0;4380;404
"2015";"49  Bækur, blöð, tímarit";0;729;1013
"2015";"33  Ilmvötn og snyrtivörur";0;1602;3312
"2015";"51  Ull";0;60;49
"2015";"57  Gólfteppi";0;610;411
"2015";"56  Fiskinet";0;500;623
"2015";"70  Rúðugler";0;2545;247
"2015";"72  Steypustyrktarjárn";0;14627;943
"2015";"72  Þakjárn";0;52;40
"2015";"73  Miðstöðvarofnar";0;596;207
"2015";"84  Kæli­ og frystitæki til heimilis";17685;881;744
"2015";"84  Þvottavélar";19405;1139;897
"2015";"85  Sjónvarpstæki";33198;479;2083
"2015";"85  Hljóðvarpstæki";15822;25;113
"2015";"87  Hjóladráttarvélar";133;640;1018
"2015";"87  Almenningsbílar";144;813;1889
"2015";"87  Fólksbílar, þ.m.t. bílar með alhjóladrifi";13129;18611;30235
"2015";"87  Vöru- og sendibílar";1531;3893;5014
"2015";"87  Aðrir bílar";462;613;1645
"2015";"87  Fjórhjól";94;47;104
"2015";"84, 87  Bílavarahlutir";0;1945;4552
"2015";"88  Flugvélar";1589;523;16735
"2015";"89  Farskip, ferjur";1;7;33
"2015";"89  Fiskiskip";7;7511;5977
"2015";"89  Önnur skip";5;0;2
